id,chr,bp,cM
ALGA0000112,1,1276597,0.033
ALGA0000232,1,2032003,0.098
ALGA0000323,1,3045269,0.383
ALGA0000397,1,4028260,0.919
ALGA0000523,1,5042484,1.468
ALGA0000673,1,6188383,2.157
ALGA0000769,1,7160342,4.499
ALGA0000882,1,8165225,5.88
ALGA0000953,1,9232074,7.288
ALGA0001027,1,10095000,7.799
ALGA0001129,1,11029988,9.954
ALGA0001206,1,12052694,10.688
ALGA0001335,1,13119832,11.395
ALGA0001386,1,14158139,13.475
ALGA0001499,1,15110546,14.59
ALGA0001556,1,16047871,16.24
ALGA0001633,1,17274366,19.617
ALGA0001709,1,18203653,20.1
ALGA0001746,1,19039736,21.074
ALGA0001770,1,20042047,22.717
ALGA0001838,1,21026415,23.425
ALGA0001915,1,22087898,24.082
ALGA0002020,1,23044842,25.221
ALGA0002123,1,24182042,27.713
ALGA0002230,1,25059305,27.928
ALGA0002331,1,26139216,28.073
ALGA0002423,1,27184224,28.213
ALGA0002534,1,28081488,28.683
ALGA0002577,1,29467854,29.096
ALGA0002601,1,30066995,29.971
ALGA0002648,1,31187999,30.481
ALGA0002710,1,32048434,31.761
ALGA0002774,1,33020353,32.568
ALGA0002842,1,34061475,33.474
ALGA0002903,1,35160705,34.226
ALGA0002965,1,36222065,34.852
ALGA0002999,1,37148916,35.321
ALGA0003052,1,38160345,35.581
ALGA0003095,1,39145897,36.046
ALGA0003142,1,40116352,36.542
ALGA0003179,1,41151931,37.06
ALGA0003214,1,42111888,37.328
ALGA0003284,1,43140430,37.53
ALGA0003394,1,44128574,37.596
ALGA0003456,1,45222851,37.715
ALGA0003521,1,46207755,37.832
ALGA0003570,1,47325543,38.306
ALGA0003606,1,48147344,38.719
ALGA0003672,1,49038677,38.913
ALGA0003731,1,50054997,39.036
ALGA0003807,1,51062206,39.121
ALGA0003859,1,52115537,39.239
ALGA0003891,1,53141183,39.355
ALGA0003917,1,54041013,39.415
ALGA0003946,1,55317254,39.546
ALGA0003972,1,56058038,40.044
ALGA0004040,1,57126757,40.333
ALGA0004090,1,58009207,41.251
ALGA0004143,1,59047302,41.497
ALGA0004188,1,60312130,41.899
ALGA0004206,1,61123076,41.969
ALGA0004254,1,62171071,42.111
ALGA0004306,1,63097237,42.465
ALGA0004354,1,64045155,42.722
ALGA0004408,1,65089374,43.298
ALGA0004467,1,66070490,43.318
ALGA0004513,1,67183252,43.366
ALGA0004562,1,68196869,43.427
ALGA0004631,1,69202180,43.528
ALGA0004670,1,70135067,43.593
ALGA0004697,1,71247171,43.654
ALGA0004723,1,72145120,43.773
ALGA0004741,1,73202323,43.952
ALGA0004774,1,74040611,44.153
ALGA0004820,1,75009364,44.41
ALGA0004881,1,76052522,44.504
ALGA0004933,1,77192856,44.515
ALGA0004958,1,78040502,44.668
ALGA0004991,1,79079246,44.787
ALGA0005064,1,80295975,45.12
ALGA0005129,1,81092177,45.425
ALGA0005191,1,82092129,45.608
ALGA0005233,1,83028074,45.751
ALGA0005266,1,84008771,45.84
ALGA0005297,1,85341967,45.984
ALGA0005312,1,86162348,46.097
ALGA0005329,1,87014678,46.539
ALGA0005347,1,88056968,46.607
ALGA0005411,1,89502895,46.679
ALGA0005422,1,90272422,46.797
ALGA0005450,1,91136864,46.906
ALGA0005490,1,92356029,47.286
ALGA0005507,1,93208496,47.336
ALGA0005547,1,94268108,47.466
ALGA0005579,1,95329241,47.544
ALGA0005609,1,96215236,47.658
ALGA0005631,1,97603040,47.709
ALGA0005643,1,98225362,47.765
ALGA0005651,1,99210539,47.938
ALGA0005691,1,100107739,47.944
ALGA0005737,1,101442008,47.956
ALGA0005754,1,102506059,47.982
ALGA0005770,1,103105413,48.389
ALGA0005783,1,104785939,48.645
ALGA0005787,1,105174423,48.817
ALGA0005803,1,106285546,49.098
ALGA0005838,1,107217695,49.451
ALGA0005858,1,108130851,49.818
ALGA0005926,1,109085308,49.855
ALGA0005942,1,110619791,49.935
ALGA0005959,1,111639490,50.09
ALGA0005978,1,112417078,50.654
ALGA0005983,1,113024027,50.958
ALGA0006014,1,114043598,51.194
ALGA0006042,1,115214106,51.265
ALGA0006056,1,116066621,51.529
ALGA0006072,1,117535705,51.733
ALGA0006078,1,118136736,51.831
ALGA0006085,1,119070672,51.99
ALGA0006097,1,120510263,52.387
ALGA0006111,1,121338341,52.542
ALGA0006121,1,122237243,52.778
ALGA0006186,1,123234085,52.896
ALGA0006218,1,124117725,53.364
ALGA0006242,1,125222498,53.416
ALGA0006259,1,126278632,53.658
ALGA0006285,1,127494862,53.677
ALGA0006362,1,128373067,53.737
ALGA0006396,1,129100798,54.114
ALGA0006442,1,130802517,54.601
ALGA0006451,1,131075001,54.628
ALGA0006479,1,132141650,54.833
ALGA0006504,1,133623032,54.873
ALGA0006508,1,134341801,54.988
ALGA0006529,1,135237989,55.013
ALGA0006548,1,136374905,55.068
ALGA0006564,1,137663899,55.493
ALGA0006587,1,138362654,55.549
ALGA0006619,1,139305551,55.677
ALGA0006632,1,140116656,55.696
ALGA0006690,1,141160413,55.75
ALGA0006722,1,142215352,55.92
ALGA0006764,1,143525605,56.091
ALGA0006787,1,144255793,56.211
ALGA0006837,1,145498828,56.298
ALGA0006883,1,146081003,56.329
ALGA0006933,1,147540361,56.349
ALGA0006962,1,148024731,56.474
ALGA0006973,1,149375478,56.539
ALGA0007002,1,150286503,56.557
ALGA0007021,1,151369303,56.643
ALGA0007029,1,152046582,56.683
ALGA0007054,1,153154988,56.927
ALGA0007081,1,154322222,57.098
ALGA0007111,1,155258376,57.345
ALGA0007117,1,156193651,57.433
ALGA0007128,1,157223388,57.751
ALGA0007138,1,158048015,57.998
ALGA0007176,1,159054020,58.412
ALGA0007194,1,160052128,58.656
ALGA0007237,1,161084052,58.711
ALGA0007272,1,162069862,59.552
ALGA0007311,1,163040453,59.749
ALGA0007330,1,164142597,60.007
ALGA0007352,1,165233570,60.103
ALGA0007366,1,166149940,60.221
ALGA0007384,1,167351111,60.301
ALGA0007429,1,168292139,60.615
ALGA0007453,1,169057398,60.662
ALGA0007479,1,170057611,60.733
ALGA0007509,1,171970180,60.945
ALGA0007510,1,172047291,61.054
ALGA0007539,1,173116165,61.143
ALGA0007554,1,174109688,61.261
ALGA0007563,1,175226821,61.597
ALGA0007572,1,176102802,61.879
ALGA0007583,1,177183331,61.995
ALGA0007615,1,178030337,62.218
ALGA0007637,1,179074445,62.821
ALGA0007686,1,180169924,63.008
ALGA0007716,1,181133706,63.248
ALGA0007730,1,182122245,63.618
ALGA0007768,1,183146174,63.825
ALGA0007793,1,184001067,64.193
ALGA0007818,1,185387494,64.569
ALGA0007829,1,186252701,65.06
ALGA0007841,1,187167912,65.134
ALGA0007858,1,188096975,65.142
ALGA0007873,1,189039069,65.147
ALGA0007897,1,190593688,65.205
ALGA0007927,1,191709288,65.215
ALGA0007971,1,192693073,65.229
ALGA0007989,1,193867862,65.287
ALGA0007993,1,194108131,65.305
ALGA0008006,1,195022334,65.315
ALGA0008060,1,196063998,65.535
ALGA0008142,1,197223195,65.556
ALGA0008166,1,198124614,65.809
ALGA0008198,1,199182551,65.935
ALGA0008224,1,200037679,66.097
ALGA0008248,1,201113713,66.257
ALGA0008273,1,202149900,66.41
ALGA0008326,1,203327879,66.562
ALGA0008378,1,204219420,66.779
ALGA0008427,1,205198481,66.986
ALGA0008444,1,206160393,67.65
ALGA0008458,1,207582470,67.959
ALGA0008480,1,208155095,68.049
ALGA0008501,1,209060366,68.122
ALGA0008559,1,210087988,68.134
ALGA0008606,1,211252504,68.23
ALGA0008726,1,212715066,68.642
ALGA0008750,1,213040404,68.892
ALGA0008832,1,214099389,68.949
ALGA0008860,1,215171880,69.132
ALGA0008905,1,216069712,69.191
ALGA0008929,1,217570296,69.235
ALGA0008932,1,218127579,69.311
ALGA0008956,1,219230402,69.325
ALGA0008971,1,220325802,69.43
ALGA0009013,1,221256019,69.617
ALGA0009060,1,222318332,69.741
ALGA0009116,1,223129426,69.895
ALGA0009210,1,224102781,69.992
ALGA0009384,1,225770512,70.166
ALGA0009437,1,226192887,70.568
ALGA0009544,1,227040167,70.694
ALGA0009635,1,228059593,70.811
ALGA0009717,1,229029324,70.934
ALGA0009765,1,230056922,71.105
ALGA0009857,1,231026693,71.437
ALGA0009949,1,232056128,71.578
ALGA0010089,1,233394382,71.668
ALGA0010175,1,234096740,71.762
ALGA0010370,1,235394217,71.788
ALGA0010388,1,236157525,71.797
ALGA0010429,1,237458912,71.919
ALGA0010477,1,238119625,72.115
ALGA0010569,1,239073513,72.176
ALGA0010607,1,240115788,72.403
ALGA0010777,1,241466579,72.6
ALGA0010839,1,242082040,72.792
ALGA0010930,1,243114107,72.979
ALGA0010989,1,244036659,73.203
ALGA0011062,1,245025102,73.394
ALGA0011125,1,246035187,73.536
ALGA0011254,1,247281182,73.81
ALGA0011337,1,248240044,74.326
ASGA0086050,1,252252764,74.881
ALGA0109953,1,255802496,75.531
ALGA0123491,1,256618874,75.667
DIAS0003318,1,261278049,76.551
DIAS0000004,1,263313173,76.92
MARC0053390,1,265574842,78.099
DIAS0000007,1,266206768,78.431
ASGA0085637,1,268290054,80.024
ASGA0102913,1,270037708,80.273
ASGA0093392,1,273208871,81.33
ASGA0083909,1,276085685,81.53
ALGA0101433,1,276401505,81.665
ASGA0104006,1,277321614,81.803
ALGA0110352,1,278565525,82.899
ASGA0090901,1,279597299,83.636
ASGA0092280,1,283803510,87.618
ASGA0090304,1,284263052,88.68
ASGA0091252,1,287305168,91.104
ALGA0111719,1,288100826,91.774
MARC0067663,1,290218423,92.964
MARC0028612,1,290536560,93.519
ALGA0110653,1,291773544,94.562
H3GA0055161,1,292745109,94.935
ASGA0101473,1,293851755,95.766
MARC0050637,1,294265991,97.965
ALGA0011440,2,766173,0.258
ALGA0011480,2,1349292,1.668
ALGA0011534,2,2067430,3.593
ALGA0011706,2,3340452,5.405
ALGA0011778,2,4159454,6.534
ALGA0011897,2,5181002,7.778
ALGA0012022,2,6034326,9.225
ALGA0012169,2,7499695,10.801
ALGA0012217,2,8039351,11.902
ALGA0012381,2,9519862,13.312
ALGA0012412,2,10127024,14.307
ALGA0012476,2,11159775,15.486
ALGA0012548,2,12207427,16.857
ALGA0012849,2,15889833,18.991
ALGA0012852,2,16054971,19.344
ALGA0012911,2,17407067,20.112
ALGA0012930,2,18227357,22.263
ALGA0012962,2,19178050,25.113
ALGA0012985,2,20146182,25.992
ALGA0013018,2,21018244,26.573
ALGA0013070,2,22282905,27.628
ALGA0013132,2,23090434,28.368
ALGA0013281,2,24052025,28.541
ALGA0013423,2,25159025,29.29
ALGA0013495,2,26024523,29.895
ALGA0013598,2,27149345,31.626
ALGA0013658,2,28085695,34.088
ALGA0013721,2,29304781,34.932
ALGA0013747,2,30390991,35.248
ALGA0013770,2,31302185,35.939
ALGA0013808,2,32065030,36.524
ALGA0013914,2,33125250,36.844
ALGA0013946,2,34181285,37.065
ALGA0013970,2,35375145,37.924
ALGA0013993,2,36323002,37.993
ALGA0014028,2,37467114,38.114
ALGA0014052,2,38178299,38.134
ALGA0014110,2,39242461,38.218
ALGA0014165,2,40163816,38.463
ALGA0014229,2,41226172,38.987
ALGA0014296,2,42117817,39.509
ALGA0014351,2,43013690,40.141
ALGA0014408,2,44099645,40.558
ALGA0014442,2,45074103,40.964
ALGA0014480,2,46234676,41.621
ALGA0014516,2,47187964,42.265
ALGA0014551,2,48167523,42.592
ALGA0014601,2,49333859,43.155
ALGA0014622,2,50041276,43.67
ALGA0014658,2,51080880,44.035
ALGA0014750,2,52192058,44.272
ALGA0014791,2,53139398,44.279
ALGA0014862,2,54422390,44.295
ALGA0014906,2,55226611,44.311
ALGA0014956,2,56718247,44.332
ALGA0014975,2,57121949,44.363
ALGA0015056,2,58434211,44.659
ALGA0015117,2,59432383,44.794
ALGA0015157,2,60086897,45.03
ALGA0015265,2,61247698,45.12
ALGA0015352,2,62174420,45.392
ALGA0015625,2,65114690,45.527
ALGA0015705,2,66095112,45.661
ALGA0015816,2,67342612,45.712
ALGA0015985,2,69106320,45.839
ALGA0016084,2,70126303,46.003
ALGA0016212,2,71759355,46.368
ALGA0016247,2,72375152,46.552
ALGA0016362,2,73125817,46.63
ALGA0016543,2,74067958,46.894
ALGA0016633,2,75664173,47.046
ALGA0016726,2,76363018,47.219
ALGA0016839,2,77016821,47.359
CASI0009927,2,80146939,47.787
MARC0074327,2,81222154,48.046
MARC0041844,2,82025503,48.28
MARC0055273,2,83891144,49.032
MARC0093670,2,84108853,49.293
ASGA0097397,2,85554195,49.678
DIAS0004458,2,87315816,50.559
MARC0009432,2,88752799,50.759
ASGA0101528,2,89098006,51.198
ALGA0114099,2,91737722,51.873
ALGA0104892,2,93864630,52.158
ALGA0107007,2,94657779,52.254
ALGA0107799,2,95775254,52.309
ALGA0114318,2,100185391,53.17
ASGA0084091,2,101126051,53.258
MARC0059442,2,101285040,53.506
CASI0008653,2,102341942,53.639
ASGA0093519,2,104668689,54.13
CASI0008627,2,106082295,54.226
ASGA0081784,2,106339312,54.84
MARC0060074,2,108676656,55.349
ALGA0114861,2,110226173,55.758
ASGA0086035,2,112135212,56.26
MARC0002330,2,113206202,56.436
ASGA0095011,2,115670542,56.53
ALGA0117661,2,116532305,56.589
ASGA0082965,2,117040292,57.235
ASGA0104470,2,118864075,57.605
MARC0097268,2,119720353,57.957
ALGA0107411,2,120318014,58.402
ALGA0104414,2,121602390,58.702
ALGA0104396,2,122981778,59.562
H3GA0055486,2,123163778,60.288
MARC0036757,2,124167072,60.686
ALGA0110295,2,126005650,61.925
ALGA0103066,2,126190097,62.089
ALGA0105196,2,127327020,62.495
ALGA0118755,2,128309732,62.875
ASGA0084311,2,129321020,63.047
ALGA0109674,2,130242787,63.695
ALGA0113606,2,131775863,64.772
MARC0058188,2,132636689,66.565
ALGA0111222,2,133168354,69.262
MARC0011607,2,134339049,70.524
ALGA0108251,2,135732988,71.707
ASGA0093351,2,137580487,73.914
ALGA0114418,2,138714385,74.848
CASI0003853,2,139079809,75.358
ALGA0111707,2,140739341,76.268
DIAS0003378,2,141293693,78.312
ASGA0090552,2,142817586,79.705
ALGA0101011,2,143930319,81.5
ALGA0118922,2,144384202,82.966
M1GA0024750,2,145582929,84.289
ASGA0097209,2,146536774,85.406
ALGA0109457,2,148021425,86.713
ALGA0104903,2,148792476,87.548
DIAS0004258,2,149346557,89.223
H3GA0053589,2,150246890,92.058
ALGA0103861,2,151650529,92.964
ALGA0116185,2,152561121,93.684
ASGA0088902,2,153324765,94.686
ALGA0017362,3,1730922,0.054
ALGA0017394,3,2113408,0.154
ALGA0017578,3,3077187,1.3
ALGA0017713,3,4093360,6.164
ALGA0017853,3,5346840,10.503
ALGA0017911,3,6014204,11.541
ALGA0018053,3,7326569,12.379
ALGA0018214,3,8721565,13.317
ALGA0018260,3,9052712,15.215
ALGA0018413,3,10245691,16.081
ALGA0018491,3,11176527,17.875
ALGA0018540,3,12002796,18.742
ALGA0018573,3,13136240,19.112
ALGA0018633,3,14213009,20.212
ALGA0018674,3,15018669,24.843
ALGA0018856,3,16058463,26.866
ALGA0018931,3,17097662,28.412
ALGA0018996,3,18194319,30.209
ALGA0019028,3,19100235,30.947
ALGA0019116,3,20109247,31.783
ALGA0019149,3,21023828,32.869
ALGA0019328,3,22606023,32.945
ALGA0019394,3,23180509,33.288
ALGA0019450,3,24215177,33.431
ALGA0019532,3,25308752,33.603
ALGA0019572,3,26205848,34.172
ALGA0019619,3,27053753,34.683
ALGA0019677,3,28075457,34.809
ALGA0019745,3,29091296,35.032
ALGA0019791,3,30057320,36.02
ALGA0019832,3,31197577,36.253
ALGA0019882,3,32369493,36.808
ALGA0019900,3,33341642,36.965
ALGA0019917,3,34231646,37.588
ALGA0019924,3,35081202,37.917
ALGA0019965,3,36096968,38.594
ALGA0020008,3,37045694,39.282
ALGA0020042,3,38211833,39.555
ALGA0020064,3,39424321,39.603
ASGA0015316,3,40004586,39.746
ALGA0020457,3,46003897,39.885
ALGA0020469,3,46398998,40.007
ALGA0020510,3,47393591,40.167
ALGA0020596,3,48344102,40.374
ALGA0020627,3,49015283,41.12
ALGA0020707,3,50215040,41.348
ALGA0020799,3,51156272,41.546
ALGA0020884,3,52267486,41.869
ALGA0020946,3,53026343,42.078
ALGA0021059,3,54042118,42.337
ALGA0021143,3,55046322,42.625
ALGA0021186,3,56035035,42.994
ALGA0021267,3,57244742,43.564
ALGA0021299,3,58095711,43.761
ALGA0021386,3,59021363,44.047
ALGA0021460,3,60137023,44.377
ALGA0021535,3,61149970,44.757
ALGA0021640,3,62138835,44.897
ALGA0021723,3,63044892,45.11
CASI0008508,3,64664749,45.175
H3GA0053943,3,65723071,45.263
MARC0050071,3,66739061,45.775
DIAS0004491,3,67455696,46.205
ALGA0104211,3,68728707,46.293
DIAS0003126,3,69978649,46.538
ALGA0118578,3,70470402,47.057
ALGA0115203,3,72980138,47.976
DIAS0000094,3,74349451,49.174
ALGA0122760,3,75583611,49.48
ALGA0102281,3,77053166,50.063
ALGA0106669,3,78737108,51.325
MARC0096274,3,79293786,51.82
MARC0004483,3,80502166,52.338
MARC0111322,3,82048447,52.586
ALGA0107390,3,82429443,52.695
ALGA0100582,3,83330634,52.851
ALGA0103320,3,86022059,53.597
MARC0031307,3,86558529,53.773
ALGA0112408,3,88377214,53.957
ASGA0103896,3,90070529,54.248
ALGA0116638,3,92298292,54.282
ALGA0105697,3,93466231,54.507
ASGA0084371,3,99002608,55.643
ASGA0090799,3,99577286,56.19
M1GA0026557,3,100193212,57.344
ASGA0095847,3,101300058,57.737
MARC0038494,3,102306824,58.284
H3GA0056247,3,103585542,59.023
MARC0006423,3,104976471,59.654
SIRI0000746,3,105395034,60.228
ALGA0109308,3,107049041,60.447
M1GA0026210,3,107197323,60.705
ASGA0092246,3,109523563,61.452
ASGA0087557,3,110509738,62.702
DIAS0002894,3,111558953,62.952
ASGA0104393,3,112386008,63.268
DIAS0003918,3,114037450,64.054
ALGA0121335,3,116041755,66.368
MARC0039179,3,116622321,67.117
ALGA0118762,3,117943711,68.357
ALGA0115614,3,118903726,69.332
ALGA0104803,3,120680825,72.134
ALGA0106894,3,123705007,75.437
ALGA0116375,3,124209522,76.44
MARC0006534,3,126189937,80.192
DIAS0000694,3,128828851,80.729
ALGA0103214,3,129477336,84.693
ALGA0110193,3,130452184,85.484
ALGA0107115,3,131827959,86.347
ASGA0081806,3,133137430,87.088
ASGA0098998,3,133780975,88.462
H3GA0054493,3,134779631,92.073
MARC0016367,3,135535606,93.105
ALGA0123450,3,137824911,95.594
ALGA0100974,3,138980256,96.012
ALGA0113586,3,140083975,96.7
ASGA0089859,3,140552724,96.801
ASGA0089696,3,141067935,96.808
ALGA0021973,4,278136,0.085
ALGA0022075,4,1287972,1.084
ALGA0022224,4,2129834,2.012
ALGA0022414,4,3097092,3.147
ALGA0022517,4,4134017,5.079
ALGA0022658,4,5265554,5.634
ALGA0022783,4,6074370,6.887
ALGA0022893,4,7200146,10.292
ALGA0023001,4,8228363,13.485
ALGA0023121,4,9099679,15.033
ALGA0023185,4,10079497,16.363
ALGA0023273,4,11006600,17.617
ALGA0023382,4,12009124,19.8
ALGA0023473,4,13077541,20.538
ALGA0023561,4,14083047,21.897
ALGA0023671,4,15152643,22.828
ALGA0023730,4,16108226,24.774
ALGA0023828,4,17217652,26.128
ALGA0023877,4,18049610,26.99
ALGA0023984,4,19027733,28.186
ALGA0024031,4,20248521,29.737
ALGA0024053,4,21168535,31.344
ALGA0024082,4,22062739,32.427
ALGA0024142,4,23310247,32.791
ALGA0024169,4,24173278,34.244
ALGA0024193,4,25280391,34.532
ALGA0024239,4,26399154,34.712
ALGA0024270,4,27063252,34.756
ALGA0024298,4,28065318,34.89
ALGA0024379,4,29072033,35.077
ALGA0024446,4,30192359,35.583
ALGA0024495,4,31204536,35.826
ALGA0024527,4,32131368,36.034
ALGA0024578,4,33040949,36.489
ALGA0024607,4,34100800,36.91
ALGA0024651,4,35011519,37.202
ALGA0024676,4,36069101,37.733
ALGA0024707,4,37151717,38.091
ALGA0024790,4,38064933,38.444
ALGA0024847,4,39283800,38.717
ALGA0024878,4,40125806,38.886
ALGA0024892,4,41347563,39.17
ALGA0024910,4,42051705,40.233
ALGA0024932,4,43219333,40.792
ALGA0024954,4,44381142,40.901
ALGA0024989,4,45114224,41.158
ALGA0025014,4,46613677,41.557
ALGA0025019,4,47507704,41.655
ALGA0025026,4,48159079,41.85
ALGA0025040,4,49410491,41.891
DRGA0004794,4,51031097,41.941
ALGA0025063,4,51274354,41.948
ALGA0025080,4,52419000,41.961
ALGA0025092,4,53062301,41.966
ALGA0025160,4,54178731,41.99
ALGA0025209,4,55142594,42.066
ALGA0025269,4,56186142,42.086
ALGA0025291,4,57193214,42.125
ALGA0025326,4,58071376,42.28
ALGA0025355,4,59168522,42.437
ALGA0025370,4,60030487,42.609
ALGA0025410,4,61139502,42.897
ALGA0025456,4,62028588,43.097
ALGA0025508,4,63081982,43.174
ALGA0025544,4,64617757,43.808
ALGA0025556,4,65172001,43.84
ALGA0025611,4,66490867,44.077
ALGA0025644,4,67073612,44.272
ALGA0025691,4,68326813,44.548
ALGA0025733,4,69064338,44.965
ALGA0025803,4,70203283,45.022
ALGA0025880,4,71113042,45.396
ALGA0025924,4,72034744,45.629
ALGA0025984,4,73189235,45.661
ALGA0026041,4,74163733,45.761
ALGA0026094,4,75474086,45.947
ALGA0026139,4,76112208,46.184
ALGA0026204,4,77141130,46.614
ALGA0026218,4,78765192,46.943
ALGA0026228,4,79068583,47.502
ALGA0026241,4,80137445,47.805
ALGA0026261,4,81079926,48.615
ALGA0026291,4,82071714,49.985
ALGA0026338,4,83052730,50.63
ALGA0026402,4,84146820,51.321
ALGA0026446,4,85013698,51.773
ALGA0026543,4,86239721,52.487
ALGA0026593,4,87081702,52.779
ALGA0026686,4,88151223,53.023
ALGA0026730,4,89348789,53.134
ALGA0026769,4,90179557,53.454
ALGA0026828,4,91078117,53.871
ALGA0026905,4,92055856,54.321
ALGA0026955,4,93222538,54.89
ALGA0027007,4,94257997,55.279
ALGA0027140,4,95111604,55.426
ALGA0027213,4,96078205,55.829
ALGA0027255,4,97133298,56.36
ALGA0027343,4,98155323,57.511
ALGA0027398,4,99334804,57.779
ALGA0027476,4,100512733,58.377
ALGA0027533,4,101147569,58.872
ALGA0027619,4,102136050,59.156
ALGA0027747,4,103265746,59.763
ALGA0027792,4,104059579,60.344
ALGA0027862,4,105023845,61.045
ALGA0027947,4,106280100,61.69
ALGA0028026,4,107054106,62.052
ALGA0028097,4,108511442,62.325
ALGA0028166,4,109148354,62.967
ALGA0028270,4,110309573,63.23
ALGA0028381,4,111278868,64.054
ALGA0028437,4,112029871,64.607
ALGA0028487,4,113074737,65.593
ALGA0028531,4,114273898,67.112
ALGA0028623,4,115118249,67.931
ALGA0028716,4,116042790,68.269
ALGA0028834,4,117054271,69.711
ALGA0028936,4,118078976,71.188
ALGA0029086,4,119160428,72.68
ALGA0029186,4,120276473,73.993
ALGA0029242,4,121050166,74.638
ALGA0029391,4,122238259,76.838
ALGA0029483,4,123280780,78.72
ALGA0029524,4,124143175,79.269
ALGA0029597,4,125566043,80.009
ALGA0029632,4,126124958,80.481
ALGA0029718,4,127120257,81.125
M1GA0007033,4,128085389,82.753
ASGA0090553,4,137214181,89.568
SIRI0000443,4,138756785,90.804
ALGA0101476,4,139697687,91.527
ASGA0092331,4,141046259,92.183
ALGA0029816,5,239876,0.517
ALGA0029879,5,1168667,1.765
ALGA0029984,5,2217228,3.89
ALGA0030046,5,3074608,5.252
ALGA0030167,5,4273296,5.823
ALGA0030312,5,5826585,15.873
ALGA0030335,5,6029493,17.054
ALGA0030456,5,7119392,18.694
ALGA0030547,5,8183268,21.29
ALGA0030645,5,9208810,22.602
ALGA0030701,5,10199713,24.862
ALGA0030787,5,11032453,26.735
ALGA0030853,5,12164101,27.956
ALGA0030962,5,13382937,29.352
ALGA0031056,5,14147486,30.985
ALGA0031122,5,15179358,31.562
ALGA0031235,5,16243421,32.709
ALGA0031259,5,17299643,34.442
ALGA0031287,5,18018895,36.07
ALGA0031348,5,19324197,36.433
ALGA0031387,5,20424161,37.999
ALGA0031469,5,22840031,38.66
ALGA0031489,5,23197446,38.821
ALGA0031516,5,24224087,39.544
ALGA0031536,5,25189273,39.607
ALGA0031642,5,26208699,39.734
ALGA0031673,5,27059170,40.063
ALGA0031715,5,28270920,40.32
ALGA0031727,5,29753146,40.47
ALGA0031744,5,30366356,40.63
ALGA0031751,5,31244568,41.447
ALGA0031773,5,32046817,41.765
ALGA0031790,5,33019832,42.115
ALGA0031802,5,34179113,42.941
ALGA0031831,5,35408563,43.32
ALGA0031845,5,36278929,43.427
ALGA0031876,5,37456863,43.746
ALGA0031910,5,38207244,43.961
ALGA0031937,5,39039721,43.985
ALGA0031960,5,40307103,43.99
ALGA0031972,5,41229804,44.043
ALGA0031987,5,42081658,44.231
ALGA0032049,5,43657670,44.249
ALGA0032080,5,44302150,44.338
ALGA0032166,5,45053654,44.409
ALGA0032286,5,46280212,44.448
ALGA0032345,5,47205061,44.503
ALGA0032441,5,48203403,44.602
ALGA0032524,5,49063792,44.704
ALGA0032638,5,50329180,45.121
ALGA0032715,5,51224090,45.564
ALGA0032768,5,52026914,45.874
ALGA0032834,5,53291701,46.069
ALGA0032890,5,54197535,46.202
ALGA0032946,5,55059484,46.613
ALGA0033016,5,56065243,46.804
ALGA0033079,5,57092387,46.976
ALGA0033136,5,58168406,46.989
ALGA0033199,5,59265486,47.08
ALGA0033237,5,60817248,48.005
ALGA0033263,5,61301029,48.97
ALGA0033312,5,62020410,49.558
ALGA0033400,5,63293460,50.616
ALGA0033460,5,64132977,51.232
ALGA0033553,5,65031360,53.338
ALGA0033592,5,66313838,55.421
ALGA0033632,5,67083693,57.778
ALGA0033698,5,68111186,59.051
ALGA0033788,5,69023749,59.789
ALGA0033847,5,70107623,59.946
ALGA0033972,5,71262720,60.245
ALGA0034028,5,72019932,60.606
ALGA0034164,5,73113545,60.835
ALGA0034237,5,74156998,61.194
ALGA0034316,5,75185703,62.593
DIAS0002817,5,77364247,64.062
H3GA0054752,5,78852384,65.033
MARC0055138,5,79815251,65.891
ASGA0083509,5,80236112,66.765
MARC0028672,5,81446339,67.649
DIAS0000438,5,82909554,67.923
ALGA0116901,5,83782484,69.594
ASGA0090981,5,84239362,70.145
ASGA0081670,5,85746494,70.907
ALGA0102426,5,87042298,71.167
ALGA0112092,5,87882440,71.93
ALGA0102273,5,88416174,72.433
ASGA0091315,5,89880081,73.418
CASI0007168,5,91013233,74.382
ALGA0118716,5,93214206,78.836
ASGA0100714,5,94219219,79.498
MARC0074260,5,96012842,80.096
ALGA0109617,5,98305667,83.229
CASI0004475,5,99286490,85.602
ALGA0102270,5,103431011,89.255
ALGA0034610,6,2192813,0.002
ALGA0034669,6,3028043,0.762
ALGA0034810,6,4109524,2.144
ALGA0034900,6,5199569,2.788
ALGA0034995,6,6102517,3.368
ALGA0035073,6,7116810,5.391
ALGA0035195,6,8326414,8.014
ALGA0035274,6,9190537,10.367
ALGA0035318,6,10163050,13.063
ALGA0035365,6,11029128,15.148
ALGA0035472,6,12150981,15.868
ALGA0035643,6,13615108,17.25
ALGA0035776,6,14845269,18.111
ALGA0035805,6,15054318,19.77
ALGA0035952,6,16233599,21.124
ALGA0036036,6,17290171,22.536
ALGA0036086,6,18035417,23.764
ALGA0036170,6,19133264,24.928
ALGA0036251,6,20227970,25.155
ALGA0036268,6,21016514,26.394
ALGA0036317,6,22119574,27.175
ALGA0036344,6,23533247,28.347
ALGA0036379,6,24106805,29.302
ALGA0036417,6,25132078,30.016
ALGA0036467,6,26143456,30.216
ALGA0036566,6,27504870,34.479
ALGA0036590,6,28121993,35.346
ALGA0036671,6,29214367,37.422
ALGA0036718,6,30025122,40.51
ALGA0036794,6,31270871,42.259
ALGA0036834,6,32097958,42.433
ALGA0036978,6,34049643,43.704
ALGA0037040,6,35030890,44.851
ALGA0037090,6,36187311,46.255
ALGA0037131,6,37058702,47.088
ALGA0037227,6,38147024,47.552
ALGA0037327,6,39242034,47.945
ALGA0037484,6,40275880,48.19
ALGA0037549,6,41337622,48.822
ALGA0037605,6,42513193,49.193
ALGA0037650,6,43093593,50.275
ALGA0037736,6,44015239,50.483
MARC0011499,6,45789504,50.641
MARC0053829,6,46956479,50.772
DIAS0003489,6,47689605,50.959
ASGA0100990,6,48900327,51.053
ASGA0085153,6,49962159,51.093
ASGA0096020,6,50038741,51.217
ALGA0115313,6,52031711,51.337
ALGA0106326,6,52954537,51.393
ASGA0106067,6,53356950,51.498
ALGA0109350,6,59752433,52.728
ALGA0107570,6,60363480,53.743
ASGA0094275,6,61655149,54.4
ALGA0115968,6,62707844,55.584
MARC0015633,6,63120954,56.158
ALGA0107967,6,64562160,56.608
ASGA0092656,6,66032347,57.084
ASGA0083165,6,66250102,57.469
ALGA0121064,6,68258924,57.652
ASGA0096796,6,69761591,59.587
ALGA0112195,6,70630155,60.738
ALGA0103829,6,71507269,61.272
DBWU0000032,6,73083512,61.887
ALGA0101076,6,73161686,62.357
ALGA0109331,6,74456184,62.641
ALGA0117388,6,75570008,62.857
ASGA0097645,6,76247263,63.339
DIAS0004728,6,78029454,63.489
ASGA0087502,6,78889296,63.874
ALGA0101657,6,80922628,66.162
ALGA0105534,6,81666794,66.411
ALGA0116144,6,82842298,66.533
MARC0074457,6,83871544,67.649
ALGA0109191,6,84170972,67.995
ALGA0116365,6,85601143,69.605
ALGA0109312,6,86433488,70.821
ALGA0111903,6,87818425,70.957
DIAS0000778,6,88196409,70.988
ALGA0113439,6,89889782,71.677
MARC0022281,6,91982761,72.536
DIAS0004496,6,92364609,72.79
ALGA0115176,6,93049671,73.321
CASI0008273,6,94808961,73.586
ASGA0086309,6,95308574,73.8
ASGA0097695,6,96666954,74.208
ASGA0090610,6,97071496,74.281
MARC0084907,6,99100519,74.608
MARC0069477,6,100775602,75.034
MARC0020347,6,101910522,75.519
ALGA0120579,6,102747317,75.838
ASGA0090429,6,104161122,76.416
ASGA0089317,6,105489976,76.531
ALGA0111332,6,106387274,76.614
SIRI0001200,6,108033058,76.887
ALGA0111558,6,108462449,76.985
MARC0011750,6,109793014,77.113
CAIL0000068,6,110495618,77.311
ASGA0084114,6,111277681,77.487
ALGA0107778,6,112097152,77.877
MARC0033633,6,113529745,78.441
ALGA0105706,6,114137635,78.687
MARC0058096,6,116010389,78.778
ALGA0101064,6,116144818,78.924
ALGA0100680,6,117821356,79.296
MARC0069573,6,118869154,79.666
ALGA0101708,6,119608469,79.959
ALGA0111618,6,120633938,80.122
ALGA0119095,6,121833877,80.603
MARC0080190,6,122366011,81.013
MARC0063627,6,123457867,81.2
DIAS0002484,6,124612770,81.724
ALGA0106903,6,125434768,81.963
SIRI0001502,6,126971742,82.64
ALGA0116715,6,127815966,83.115
ALGA0123808,6,128755704,83.459
ALGA0111372,6,130039256,83.908
ALGA0113336,6,131068972,84.353
ALGA0102031,6,133989249,86.929
MARC0001714,6,134556844,88.007
ASGA0084764,6,138920497,97.116
ALGA0107336,6,139890667,98.43
ALGA0101709,6,140165868,99.734
ASGA0092330,6,141490461,100.927
ALGA0122657,6,142920902,102.636
H3GA0056466,6,143431989,105.829
ALGA0121176,6,145049929,108.174
ASGA0087376,6,145334202,110.003
ALGA0101321,6,146698110,114.782
ALGA0109493,6,148509598,115.485
ALGA0113744,6,149725321,115.927
ALGA0117399,6,150442053,117.362
ASGA0092871,6,152116953,118.98
ASGA0106260,6,152486284,120.697
ALGA0119742,6,153394650,122.138
ASGA0087447,6,154355351,123.468
ASGA0087611,6,155281013,123.701
CASI0009330,6,156699095,124.082
ASGA0088426,6,157082803,124.095
ALGA0037875,7,1545143,0.329
ALGA0037893,7,2051549,1.017
ALGA0037987,7,3195980,2.886
ALGA0038081,7,4115108,5.916
ALGA0038211,7,5298754,8.734
ALGA0038249,7,6027708,10.279
ALGA0038327,7,7059807,13.526
ALGA0038408,7,8105560,15.739
ALGA0038503,7,9353701,19.707
ALGA0038557,7,10174956,21.236
ALGA0038629,7,11184317,24.242
ALGA0038692,7,12037725,27.578
ALGA0038756,7,13035183,28.463
ALGA0038804,7,14435577,29.979
ALGA0038836,7,15092627,30.681
ALGA0038926,7,16074272,32.193
ALGA0039009,7,17385003,34.317
ALGA0039047,7,18018468,36.909
ALGA0039132,7,19679170,37.604
ALGA0039144,7,20128766,39.894
ALGA0039240,7,21088618,40.385
ALGA0039351,7,22030251,40.523
ALGA0039432,7,23068499,40.559
ALGA0039482,7,24198665,40.636
ALGA0039592,7,25513010,40.794
ALGA0039604,7,26330350,40.885
ALGA0039618,7,27042782,41.011
ALGA0039682,7,28169656,41.194
ALGA0039804,7,29116120,42.027
ALGA0039880,7,30125968,43.205
ALGA0040000,7,31047372,43.635
ALGA0040052,7,32097473,44.156
ALGA0040139,7,33065258,44.661
ALGA0040282,7,34247914,45.368
ALGA0040318,7,35289714,46.548
ALGA0040363,7,36148469,46.676
ALGA0040434,7,37059323,47.095
ALGA0040500,7,38009204,47.249
ALGA0040614,7,39116015,48.088
ALGA0040717,7,40090690,48.485
ALGA0040786,7,41276615,49.566
ALGA0040841,7,42037056,50.053
ALGA0040859,7,43087809,50.361
ALGA0040893,7,44110761,51.06
ALGA0040937,7,45021579,51.722
ALGA0040956,7,46580203,53.006
ALGA0041020,7,47146435,53.667
ALGA0041077,7,48218380,54.948
ALGA0041156,7,49049806,56.338
ALGA0041258,7,50068475,57.071
ALGA0041347,7,51130802,57.48
ALGA0041441,7,52098528,58.054
ALGA0041544,7,53089401,58.208
ALGA0041747,7,54010716,58.78
ALGA0041856,7,55061096,59.708
ALGA0041959,7,56051775,59.897
ALGA0042054,7,57017762,60.174
ALGA0042130,7,58196260,60.677
ALGA0042187,7,59145549,60.93
ALGA0042209,7,60170948,61.107
ALGA0042227,7,61183222,61.233
ALGA0042247,7,62245902,61.396
ALGA0042278,7,63172688,61.586
ALGA0042296,7,64105228,61.92
ALGA0042325,7,65247222,61.994
ALGA0042347,7,66859238,62.179
ALGA0042353,7,67531090,62.32
ALGA0042365,7,68566813,62.38
ALGA0042383,7,69082653,62.951
ALGA0042410,7,70162024,63.534
ALGA0042458,7,71357415,64.176
ALGA0042468,7,72414751,64.214
ALGA0042499,7,73773922,64.333
ALGA0042503,7,74243000,64.432
ALGA0042517,7,75086541,64.515
ALGA0042526,7,76463688,64.536
ALGA0042530,7,77369363,64.624
ALGA0042541,7,78183182,64.771
ALGA0042562,7,79162677,65.0
ALGA0042611,7,80425008,65.239
ALGA0042628,7,81078937,65.311
ALGA0042674,7,82097649,65.396
ALGA0042702,7,83069153,65.441
ALGA0042863,7,86236577,66.188
ALGA0042875,7,87338041,66.656
ALGA0042902,7,88405130,67.457
ALGA0042916,7,89103828,67.964
ALGA0042987,7,90057700,68.77
ALGA0043046,7,91125577,69.182
ALGA0043084,7,92027774,70.288
ALGA0043144,7,93015617,70.532
ALGA0043288,7,94522799,70.966
ALGA0043388,7,95110890,71.382
ALGA0043463,7,96202378,71.59
ALGA0043531,7,97200774,72.111
ALGA0043574,7,98023948,73.231
ALGA0043655,7,99114126,74.178
ALGA0043757,7,100091326,74.862
ALGA0043835,7,101184350,77.2
ALGA0043855,7,102022767,77.74
ALGA0043904,7,103039284,78.648
ALGA0043930,7,104244578,79.493
ALGA0043962,7,105347713,80.61
ALGA0043984,7,106284649,81.37
ALGA0044087,7,107323771,82.424
ALGA0044145,7,108104259,83.38
ALGA0044235,7,109077027,84.084
ALGA0044298,7,110636633,84.528
ALGA0044322,7,111038994,84.959
ALGA0044374,7,112194932,85.688
ALGA0044416,7,113096500,87.044
ALGA0044461,7,114088933,88.791
ALGA0044503,7,115051912,90.433
ALGA0044549,7,116037435,92.164
ALGA0044650,7,117039735,94.097
ALGA0044759,7,118027206,95.767
ALGA0044873,7,119027672,97.158
ALGA0044982,7,120576761,99.329
ALGA0045048,7,121091409,100.67
ALGA0045070,7,122160834,101.852
ALGA0045159,7,123969567,104.242
ALGA0045205,7,124267743,105.555
ALGA0045338,7,125022538,107.648
ALGA0045451,7,126113426,108.602
ALGA0045493,7,127149609,110.438
ALGA0045541,7,128040765,110.757
ALGA0045626,7,129084598,111.084
ALGA0045737,7,130060191,112.413
ALGA0045927,7,132144442,112.849
ALGA0046142,8,1235782,0.08
ALGA0046283,8,2168875,0.62
ALGA0046395,8,3254259,1.549
ALGA0046501,8,4225058,2.867
ALGA0046558,8,5276791,5.071
ALGA0046633,8,6259930,8.249
ALGA0046718,8,7127757,10.433
ALGA0046848,8,8200442,10.907
ALGA0046943,8,9108414,12.646
ALGA0047003,8,10167723,14.357
ALGA0047042,8,11026391,16.145
ALGA0047107,8,12232809,17.466
ALGA0047192,8,13152900,17.835
ALGA0047359,8,14111341,18.42
ALGA0047449,8,15235990,18.943
ALGA0047539,8,16017691,19.773
ALGA0047621,8,17054768,20.847
ALGA0047680,8,18084299,24.594
ALGA0047767,8,19184124,26.508
ALGA0047817,8,20416220,27.757
ALGA0047834,8,21038452,28.239
ALGA0047844,8,22252792,28.811
ALGA0047863,8,23034493,29.302
ALGA0047885,8,24693273,30.204
ALGA0047889,8,25038146,30.424
ALGA0047901,8,26037262,30.642
ALGA0047950,8,27246005,31.725
ALGA0047960,8,28405577,32.007
ALGA0047974,8,29061313,32.137
ALGA0047992,8,30172397,33.073
ALGA0048013,8,31078692,34.68
ALGA0048039,8,32135020,35.024
ASGA0038900,8,33265433,35.653
ALGA0048087,8,34064884,36.86
ALGA0048142,8,35372064,37.499
ALGA0048179,8,36124515,37.622
ALGA0048266,8,37116081,38.058
ALGA0048310,8,38332036,38.901
ALGA0048360,8,39049805,39.155
ALGA0048396,8,40184351,39.411
ALGA0048438,8,41432658,40.392
ALGA0048468,8,42113875,41.722
ALGA0048538,8,43085143,42.234
ALGA0048621,8,44119092,42.295
ALGA0048667,8,45353700,42.725
ALGA0048703,8,46467444,42.76
ALGA0048720,8,47071288,42.952
ALGA0048798,8,49108563,42.978
ALGA0048847,8,50067694,43.347
ALGA0048908,8,51027439,43.391
ALGA0049016,8,52157065,43.41
ALGA0049150,8,54202806,43.42
ALGA0049249,8,55317758,43.455
ALGA0049286,8,56255562,43.714
ALGA0049349,8,57338822,43.741
ALGA0049404,8,58045966,43.812
ALGA0049489,8,59009463,43.841
ALGA0049568,8,60243109,43.854
ALGA0049668,8,61101061,43.863
ALGA0049804,8,62640428,43.874
ALGA0049871,8,63188062,43.899
ALGA0050003,8,64330286,43.914
ALGA0050117,8,65461687,43.941
ALGA0050227,8,66106348,43.972
MARC0041943,8,67520803,43.987
ALGA0123091,8,68823097,44.03
MARC0006179,8,72394088,44.191
ALGA0121925,8,73543094,44.452
ASGA0088496,8,74565281,45.071
DIAS0002150,8,75186948,45.68
ASGA0104012,8,76500274,46.221
MARC0039910,8,77557541,46.431
ALGA0106563,8,78816429,46.902
MARC0002409,8,79985146,48.172
ALGA0112755,8,80388753,48.723
ASGA0085111,8,81326101,49.936
ALGA0112460,8,82414857,50.061
ASGA0095539,8,83817630,50.282
MARC0044613,8,84596395,51.165
ALGA0119689,8,85498534,51.677
ASGA0100970,8,87041724,51.894
ASGA0088718,8,87703086,52.313
CASI0010109,8,88876282,52.673
ALGA0119517,8,89970862,52.902
ALGA0108408,8,91011015,53.1
CASI0010058,8,92646837,54.181
ALGA0105930,8,94273588,54.471
ALGA0113197,8,94922340,54.657
ALGA0106605,8,95604640,54.685
ASGA0089323,8,97210031,54.721
SIRI0000287,8,98736571,54.872
MARC0031007,8,99843318,54.885
ASGA0104034,8,100393559,54.934
ASGA0100149,8,102214423,54.969
ALGA0103920,8,103151175,55.033
ALGA0113244,8,104442295,55.121
ALGA0102245,8,106088938,55.26
MARC0059033,8,106558886,55.287
ALGA0108046,8,107456543,55.525
MARC0056897,8,108978367,56.803
DIAS0001195,8,109693339,57.056
ASGA0101872,8,110234470,57.45
ALGA0104608,8,112119472,57.923
ASGA0105308,8,112691869,58.118
SIRI0000169,8,113365237,58.383
INRA0060874,8,114846850,58.673
ALGA0103269,8,115750937,58.932
ALGA0103396,8,116600597,59.078
CASI0006714,8,117865842,59.984
ALGA0113872,8,118177234,60.368
ALGA0108851,8,119334023,61.285
ALGA0100670,8,120930537,62.67
ALGA0123823,8,121514111,63.238
ALGA0100927,8,122407525,64.238
ASGA0103894,8,123062246,64.551
ASGA0103857,8,124423776,65.241
ALGA0108817,8,125284667,65.937
ALGA0107608,8,126488100,66.337
ASGA0087368,8,127767125,66.826
CASI0006310,8,128955440,67.664
ALGA0102076,8,130963177,69.397
ALGA0110654,8,132302677,71.581
ASGA0104242,8,133188435,74.837
ALGA0107983,8,134673258,75.608
ALGA0103154,8,135551340,77.244
ALGA0103265,8,136839174,77.855
ALGA0104458,8,137669746,78.876
ALGA0121603,8,139849835,84.376
ALGA0112756,8,140906549,86.241
ALGA0115801,8,141717343,87.123
ALGA0105830,8,143511537,90.709
ALGA0117196,8,144875226,91.524
ALGA0109515,8,146015161,94.287
ALGA0107103,8,147003911,94.761
ALGA0050371,9,500121,0.009
ALGA0050598,9,1548074,0.148
ALGA0050780,9,2493095,0.466
ALGA0050902,9,3127443,0.705
ALGA0051004,9,4065463,1.503
ALGA0051153,9,5140027,2.734
ALGA0051311,9,6106807,3.545
ALGA0051465,9,7034972,4.412
ALGA0051605,9,8127872,5.097
ALGA0051684,9,9039589,5.948
ALGA0051746,9,10065250,7.273
ALGA0051818,9,11082208,8.792
ALGA0051902,9,12080501,10.315
ALGA0051997,9,13024501,11.48
ALGA0052184,9,14008770,13.044
ALGA0052257,9,15161817,16.368
ALGA0052297,9,16132298,17.384
ALGA0052334,9,17206366,18.984
ALGA0052394,9,18443562,20.936
ALGA0052427,9,19121677,21.625
ALGA0052518,9,20347925,22.981
ALGA0052584,9,21090824,24.498
ALGA0052664,9,22060200,24.982
ALGA0052745,9,23023781,25.936
ALGA0052886,9,24459618,26.377
ALGA0052935,9,25128962,26.484
ALGA0052992,9,26080165,27.289
ALGA0053047,9,27075191,28.047
ALGA0053098,9,28037198,29.153
ALGA0053141,9,29004214,29.915
ALGA0053212,9,30082672,31.039
ALGA0053286,9,31082920,31.599
ALGA0053342,9,32203106,32.101
ALGA0053464,9,33301020,32.338
ALGA0053521,9,34179390,32.496
ALGA0053554,9,35179928,33.378
ALGA0053627,9,36371878,33.545
ALGA0053672,9,37140638,34.021
ALGA0053716,9,38077396,34.872
ALGA0053783,9,39281909,35.784
ALGA0053817,9,40183020,35.907
ALGA0053844,9,41059254,36.223
ALGA0053870,9,42246919,36.52
ALGA0053911,9,43249310,37.179
ALGA0053987,9,44803053,38.091
ALGA0053999,9,45179311,39.882
ALGA0054031,9,46156465,40.714
ALGA0054078,9,47244224,41.705
ALGA0054116,9,48064474,43.482
ALGA0054161,9,49073779,43.86
ALGA0054195,9,50169218,44.905
ALGA0054256,9,51173719,45.433
ALGA0054281,9,52255567,46.198
ALGA0054291,9,53163454,46.984
ALGA0054305,9,54124523,47.513
ALGA0054315,9,55301535,48.085
ALGA0054341,9,56109613,48.221
ALGA0054385,9,57172088,48.28
ALGA0054441,9,58129848,48.351
ALGA0054518,9,59050732,48.76
ALGA0054609,9,60111846,49.158
ALGA0054671,9,61348032,49.974
ALGA0054690,9,62109665,50.298
ALGA0054752,9,63387520,50.8
ALGA0054772,9,64043184,51.116
ALGA0054812,9,65091878,51.49
ALGA0054897,9,66064392,51.758
ALGA0054972,9,67090653,51.809
ALGA0055031,9,68221135,51.844
ALGA0055101,9,69097471,51.857
ALGA0055192,9,70059976,52.156
ALGA0055311,9,71289307,52.894
ALGA0055410,9,72418486,53.866
ALGA0055478,9,73068520,54.045
ALGA0055574,9,74027533,55.142
ALGA0055741,9,75237402,55.411
ALGA0055849,9,76143613,55.518
ALGA0055969,9,77238420,55.952
MARC0039925,9,100764903,56.364
ASGA0086901,9,102530751,56.578
ALGA0108216,9,103316917,56.796
ALGA0102136,9,106990673,57.064
MARC0032983,9,107150987,57.257
MARC0033407,9,109064998,57.577
CASI0009435,9,111063673,57.882
ASGA0096849,9,112838796,58.415
MARC0003571,9,114946122,59.523
ASGA0100473,9,115466201,60.052
ALGA0110416,9,116678710,60.642
CASI0003452,9,117068769,61.066
ASGA0094122,9,119487670,62.787
CASI0009715,9,120155981,63.688
ALGA0108119,9,121599117,64.122
ALGA0109986,9,122819873,64.597
ALGA0119186,9,124059183,65.141
ASGA0095024,9,124177521,65.848
ASGA0105527,9,129190513,70.179
MARC0031319,9,130437727,71.083
H3GA0053258,9,131803328,71.933
ALGA0123624,9,132409071,72.471
ALGA0114570,9,134931661,73.891
MARC0084658,9,135347947,74.844
ASGA0098826,9,136647318,75.723
ALGA0110772,9,137810029,76.634
ALGA0109785,9,138385953,78.742
ALGA0115631,9,139788957,79.652
MARC0077455,9,141116140,80.344
ALGA0120067,9,141288719,81.454
MARC0070295,9,142687382,83.849
CASI0006830,9,143736858,85.003
ALGA0114627,9,144404058,86.202
ALGA0122756,9,145638183,88.794
ALGA0101542,9,146054093,89.663
ALGA0120240,9,147248459,91.22
DIAS0004317,9,148979873,92.206
ALGA0111651,9,149787217,93.565
ASGA0092491,9,150731778,94.472
CASI0009198,9,151276047,95.114
DIAS0001755,9,152618122,95.389
ALGA0056208,10,665582,0.001
ALGA0056240,10,1133676,0.072
ALGA0056395,10,2158325,0.819
ALGA0056474,10,3068666,2.429
ALGA0056587,10,4144722,4.074
ALGA0056674,10,5199042,6.052
ALGA0056784,10,6244394,7.558
ALGA0056906,10,7043359,10.209
ALGA0057017,10,8049710,12.847
ALGA0057104,10,9035976,15.545
ALGA0057208,10,10027541,16.926
ALGA0057376,10,11077278,19.284
ALGA0057465,10,12160185,20.692
ALGA0057599,10,13272099,21.615
ALGA0057698,10,14175919,21.87
ALGA0057768,10,15281687,23.533
ALGA0057858,10,16350960,24.162
ALGA0057938,10,17098798,24.898
ALGA0058092,10,18918566,27.124
ALGA0058206,10,20038633,28.352
ALGA0058320,10,21243145,29.381
ALGA0058360,10,22025376,29.49
ALGA0058457,10,24654778,30.709
ALGA0058479,10,25111176,31.815
ALGA0058575,10,26288939,33.412
ALGA0058654,10,27164909,36.051
ALGA0058792,10,28420928,37.966
ALGA0058889,10,29167374,40.098
ALGA0059020,10,30276604,40.594
ALGA0059157,10,31143473,41.165
ALGA0059229,10,32066854,42.273
ALGA0059312,10,33207627,42.695
ALGA0059417,10,34203809,43.269
ALGA0059548,10,35601915,43.827
ALGA0059594,10,36200281,43.991
ALGA0059730,10,37463320,44.43
ALGA0059836,10,38228668,44.642
ALGA0059917,10,39050735,45.14
ALGA0060101,10,40303844,45.314
ALGA0060197,10,41575214,45.813
ALGA0106003,10,42432632,46.034
ALGA0102748,10,47085956,50.74
ALGA0100545,10,49914072,53.646
ASGA0104561,10,51628694,55.972
ALGA0105339,10,52657739,58.588
ASGA0092817,10,53294932,60.304
ALGA0100690,10,54936978,61.136
ALGA0111973,10,55971195,61.644
ALGA0120589,10,56219165,62.91
ALGA0101388,10,57725130,63.718
CASI0006901,10,58411584,64.657
MARC0083428,10,59657651,66.439
ALGA0107850,10,60289504,67.687
ASGA0090973,10,61051558,69.25
ASGA0097997,10,62330721,70.329
ALGA0111463,10,63147208,71.73
ASGA0090828,10,65099790,72.374
ASGA0096835,10,65736786,73.39
ALGA0113898,10,66833496,74.457
ALGA0119382,10,67398988,75.951
ALGA0104149,10,68448911,77.54
ASGA0096380,10,69863842,79.853
MARC0002432,10,70597186,81.369
M1GA0024640,10,73070592,83.546
ASGA0087707,10,73374815,84.221
ALGA0108033,10,75311289,84.39
ALGA0060217,11,293660,0.028
ALGA0060250,11,1092441,0.191
ALGA0060332,11,2168154,1.238
ALGA0060441,11,3278781,2.123
ALGA0060505,11,4112009,2.746
ALGA0060579,11,5139990,3.918
ALGA0060607,11,6058344,4.942
ALGA0060682,11,7002480,5.698
ALGA0060737,11,8018690,6.03
ALGA0060823,11,9213323,6.5
ALGA0060869,11,10068273,6.746
ALGA0060956,11,11669857,8.397
ALGA0060977,11,12168953,9.57
ALGA0061030,11,13282554,9.757
ALGA0061112,11,14064069,11.105
ALGA0061159,11,15148203,12.066
ALGA0061214,11,16104475,13.19
ALGA0061284,11,17135942,13.969
ALGA0061374,11,18222721,14.701
ALGA0061477,11,19476446,15.456
ALGA0061543,11,20056323,16.53
ALGA0061644,11,21202123,18.195
ALGA0061705,11,22058487,19.657
ALGA0061766,11,23140003,20.364
ALGA0061785,11,24070599,21.981
ALGA0061820,11,25261855,23.056
ALGA0061859,11,26166298,24.086
ALGA0061887,11,27253030,27.151
ALGA0061905,11,28340557,28.084
ALGA0061911,11,29094059,28.621
ALGA0061959,11,30341526,28.893
ALGA0061971,11,31104757,29.013
ALGA0062014,11,32222258,29.193
ALGA0062048,11,33068019,29.264
ALGA0062094,11,34105971,29.35
ALGA0062149,11,35144287,29.428
ALGA0062182,11,36204388,29.507
ALGA0062242,11,37118850,29.515
ALGA0062329,11,39319318,29.567
ALGA0062350,11,40159098,29.585
ALGA0062390,11,41082239,29.622
ALGA0062426,11,42078198,29.634
ALGA0062461,11,43133855,29.717
ALGA0062506,11,44774294,30.001
ALGA0062512,11,45219847,30.184
ALGA0062552,11,46178355,30.393
ALGA0062585,11,47039103,30.519
ALGA0062642,11,48023150,30.729
ALGA0062753,11,49300761,31.514
ALGA0062837,11,50033728,33.635
ALGA0062950,11,51123619,34.161
ALGA0063039,11,52079900,35.217
ALGA0063144,11,53062866,36.609
ALGA0063294,11,54097187,37.38
ALGA0063379,11,55045565,38.048
ALGA0063448,11,56039918,38.685
ALGA0063564,11,57053414,39.589
ALGA0063698,11,58035202,39.818
ALGA0063778,11,59091289,40.52
ALGA0063853,11,60041045,41.032
ALGA0063991,11,61269896,41.217
ALGA0064081,11,62036154,41.303
ALGA0064232,11,63326198,41.476
ASGA0100191,11,64501707,41.927
SIRI0000659,11,66832207,42.824
ALGA0107048,11,68738157,44.676
MARC0071996,11,69107070,45.642
ALGA0102004,11,71287284,46.67
ALGA0105177,11,71401342,46.902
MARC0060595,11,72861807,48.045
MARC0080175,11,73246755,49.604
ASGA0083971,11,74302088,51.22
ALGA0103037,11,75673323,52.876
ALGA0103641,11,76428890,54.184
MARC0006510,11,77880822,55.491
CASI0009242,11,79113074,57.702
DIAS0003373,11,81799726,60.776
ASGA0088514,11,82225074,61.511
ASGA0099287,11,83555147,63.653
ASGA0096728,11,84223424,64.624
ALGA0064320,12,321035,0.088
ALGA0064411,12,1782222,0.194
ALGA0064432,12,2285140,0.657
ALGA0064723,12,3518624,3.213
ALGA0064792,12,4079876,4.367
ALGA0064900,12,5066842,5.481
ALGA0065055,12,6206977,7.889
ALGA0065183,12,7107443,9.861
ALGA0065324,12,8377253,10.655
ALGA0065378,12,9081500,13.203
ALGA0065504,12,10097536,15.663
ALGA0065569,12,11016780,17.322
ALGA0065650,12,12054582,19.696
ALGA0065765,12,13083542,21.265
ALGA0065842,12,14025020,22.601
ALGA0065904,12,15009783,24.121
ALGA0065968,12,16204523,24.313
ALGA0066145,12,17481182,25.323
ALGA0066216,12,18282832,26.813
ALGA0066254,12,19435601,28.741
ALGA0066360,12,20712118,30.49
ALGA0066405,12,21030598,33.068
ALGA0066582,12,22090783,34.766
ALGA0066656,12,23108658,37.316
ALGA0066706,12,24142968,38.035
ALGA0066808,12,25106103,39.109
ALGA0066917,12,26042294,39.957
ALGA0067016,12,27066050,40.512
ALGA0067173,12,28352940,40.597
ALGA0067317,12,29089688,40.663
ASGA0088782,12,31264449,40.935
ASGA0089300,12,33387845,41.915
ALGA0122353,12,34192436,42.646
ASGA0099846,12,36890540,44.452
ALGA0102719,12,38387806,45.128
ALGA0115133,12,39918775,45.761
ASGA0089638,12,40329715,46.836
DIAS0004103,12,41750632,47.911
ALGA0114017,12,42655771,50.233
MARC0099960,12,43145785,52.95
ALGA0106765,12,44089516,54.461
ALGA0120742,12,45675215,55.85
DIAS0000446,12,46589470,56.701
ALGA0105166,12,47272445,57.672
ASGA0089419,12,48650333,59.121
MARC0058985,12,49226799,63.432
ASGA0091302,12,50332951,64.359
MARC0088166,12,51875310,64.937
DIAS0004797,12,52584095,65.986
ALGA0117416,12,53730006,66.719
ALGA0107728,12,54332543,67.678
ASGA0105950,12,57395446,71.094
ASGA0094812,12,58702424,72.607
ASGA0096656,12,59195263,74.716
MARC0017000,12,60018478,76.06
ASGA0089279,12,61770191,76.648
ALGA0108835,12,62481343,77.023
ALGA0067341,13,92689,0.088
ALGA0067395,13,1195942,0.768
ALGA0067463,13,2305023,2.023
ALGA0067585,13,3267105,3.033
ALGA0067704,13,4629912,3.796
ALGA0067761,13,5271481,6.05
ALGA0067848,13,6030817,7.352
ALGA0067932,13,7119409,8.335
ALGA0068086,13,8170872,8.935
ALGA0068205,13,9092348,10.492
ALGA0068341,13,10033787,11.724
ALGA0068481,13,11175922,14.004
ALGA0068577,13,12135637,16.094
ALGA0068668,13,13231019,19.463
ALGA0068748,13,14080268,22.09
ALGA0068825,13,15070122,23.747
ALGA0068973,13,16082403,24.997
ALGA0069067,13,17056323,25.468
ALGA0069171,13,18147792,26.081
ALGA0069265,13,19057599,27.519
ALGA0069369,13,20278589,28.32
ALGA0069410,13,21061894,28.68
ALGA0069457,13,22123523,29.058
ALGA0069507,13,23164747,29.382
ALGA0069574,13,24076160,30.079
ALGA0069645,13,25086246,31.002
ALGA0069685,13,26062932,32.721
ALGA0069730,13,27183363,33.813
ALGA0069762,13,28145407,35.935
ALGA0069846,13,29131473,36.288
ALGA0069886,13,30097149,37.467
ALGA0069932,13,31152535,38.403
ALGA0069998,13,32179212,38.996
ALGA0070053,13,33082147,39.137
ALGA0070125,13,34407041,39.261
ALGA0070155,13,35076869,39.364
ALGA0070243,13,36272496,39.464
ALGA0070351,13,37231296,39.864
ALGA0070419,13,38099885,40.441
ALGA0070480,13,39228002,40.713
ALGA0070531,13,40166920,41.083
ALGA0070595,13,41167520,41.194
ALGA0070632,13,42053082,41.439
ALGA0070670,13,43198469,41.77
ALGA0070711,13,44020943,41.936
ALGA0070775,13,45084819,42.159
ALGA0070818,13,46020203,42.248
ALGA0070877,13,47136112,42.768
ALGA0070941,13,48078453,42.835
ALGA0071005,13,49086389,43.255
ALGA0071041,13,50096070,43.454
ALGA0071080,13,51292208,43.833
ALGA0071163,13,52031845,44.01
ALGA0071284,13,53031869,44.118
ALGA0071314,13,54141133,44.151
ALGA0071347,13,55242533,44.351
ALGA0071380,13,56104848,44.814
ALGA0071413,13,57368626,45.243
ALGA0071428,13,58007819,46.01
ALGA0071505,13,59493514,46.537
ALGA0071516,13,60056852,46.824
ALGA0071569,13,61045848,46.967
ALGA0071606,13,62601850,46.985
ALGA0114853,13,63909491,46.997
ALGA0071626,13,64066422,47.015
ALGA0071654,13,65030947,47.043
ALGA0071673,13,66135269,47.06
ALGA0071708,13,67425587,47.081
ALGA0071726,13,68882017,47.351
ALGA0071735,13,69356931,47.353
ALGA0071763,13,70610139,47.359
ALGA0071776,13,71302934,47.376
ALGA0071800,13,72227022,47.549
ALGA0071821,13,73128196,47.607
ALGA0071835,13,74464581,47.692
ALGA0071846,13,75112798,47.849
ALGA0071868,13,76057139,47.935
ALGA0071916,13,77740159,48.306
ALGA0071925,13,78165836,48.386
ALGA0071959,13,79430402,48.479
ALGA0071973,13,80329219,48.598
ALGA0072005,13,81102716,48.682
ALGA0072055,13,82288919,48.706
ALGA0072090,13,83036287,49.062
ALGA0072144,13,84072356,49.157
ALGA0072186,13,85164716,49.226
ALGA0072222,13,86081749,49.27
ALGA0072278,13,87605895,49.377
ALGA0072303,13,88041045,49.792
ALGA0072331,13,89105667,50.002
ALGA0072378,13,90258562,50.061
ALGA0072432,13,91102724,50.192
ALGA0072466,13,92097812,50.254
ALGA0072534,13,93295749,50.285
ALGA0072559,13,94196685,50.293
ALGA0072617,13,95315441,50.375
ALGA0072637,13,96272896,50.426
ALGA0072675,13,97033112,50.449
ALGA0072732,13,98028788,50.504
ALGA0072761,13,99024337,50.683
ALGA0072797,13,100199793,50.731
ALGA0072818,13,101102199,50.768
ALGA0072858,13,102344191,50.808
ALGA0072892,13,103055364,50.986
ALGA0073046,13,105293209,51.067
ALGA0073175,13,107176848,51.199
ALGA0073260,13,108217734,51.203
ALGA0073322,13,109177407,51.207
ALGA0073365,13,110227413,51.21
ALGA0073492,13,111691465,51.214
ALGA0073528,13,112131580,51.308
ALGA0073589,13,113038693,51.324
ALGA0073720,13,114559322,51.374
ALGA0073752,13,115108067,51.423
ALGA0073839,13,116121710,51.462
ALGA0073889,13,117220563,51.467
ALGA0073973,13,118109852,51.819
ASGA0060257,13,119027311,51.957
MARC0056579,13,120581061,51.968
MARC0080161,13,121753674,52.048
MARC0009859,13,124805301,52.241
ALGA0115309,13,126422087,52.628
ASGA0098031,13,127738844,52.68
CASI0008911,13,129859326,52.861
ASGA0105567,13,130646279,52.903
ALGA0116224,13,131902259,53.14
DIAS0004226,13,133168790,53.41
ALGA0107366,13,134612976,53.902
ALGA0106014,13,135621548,54.286
MARC0012555,13,136796003,54.497
ASGA0104802,13,138032649,54.565
ASGA0091654,13,138585965,54.792
ASGA0097313,13,139621909,55.604
H3GA0056086,13,140072868,56.05
ASGA0091537,13,141452322,56.384
ASGA0096469,13,142598261,56.664
ALGA0106843,13,144965731,56.997
MARC0033541,13,146083775,57.058
ALGA0103022,13,146640792,57.334
DIAS0001226,13,147503156,57.535
DIAS0004305,13,148280540,57.64
ASGA0086015,13,149512363,57.828
ALGA0109098,13,151000800,57.962
ALGA0118215,13,151924026,57.986
ALGA0100853,13,153186851,58.122
ALGA0120051,13,153749238,58.141
MARC0016896,13,155121945,58.171
ASGA0090967,13,156326058,58.408
ALGA0104383,13,156984473,58.503
MARC0040572,13,157247524,58.581
MARC0026740,13,159088146,58.654
ASGA0100182,13,159824686,58.903
SIRI0001189,13,160234825,59.273
ASGA0090671,13,161646337,59.3
ALGA0113398,13,164141746,59.663
ALGA0110189,13,165725654,59.667
ALGA0100430,13,166502714,60.999
ALGA0121835,13,167591205,61.028
ALGA0112819,13,169024383,61.134
MARC0002585,13,173036679,61.174
ALGA0117917,13,173620231,61.189
ALGA0104009,13,175576178,61.21
MARC0090811,13,176066310,61.219
ASGA0101849,13,177484051,61.229
ALGA0101118,13,181212450,61.598
MARC0021569,13,183756237,61.831
CASI0008729,13,184193704,61.888
ALGA0112530,13,185847604,62.204
CASI0010155,13,186533957,62.583
ASGA0105680,13,187622448,63.911
ALGA0121424,13,189052603,64.772
ALGA0114522,13,189348725,65.562
ALGA0105146,13,190416239,66.038
ASGA0101638,13,191692191,66.31
ASGA0096664,13,194081019,66.954
ASGA0105674,13,194671113,67.134
ASGA0096753,13,195423294,67.398
ALGA0106242,13,196729482,68.374
ASGA0102953,13,197588180,68.92
ALGA0103863,13,198913042,70.374
MARC0009720,13,199499085,71.43
DIAS0003058,13,201593507,73.364
ALGA0100466,13,202568022,74.758
ALGA0111468,13,203916892,75.954
ALGA0110019,13,204808498,76.445
DIAS0001716,13,205509999,80.375
ALGA0114530,13,206771288,82.512
ALGA0102100,13,207853343,85.743
ALGA0113348,13,208293312,87.029
ALGA0111163,13,209824420,88.499
MARC0039068,13,211776612,91.63
ALGA0105458,13,212288585,93.781
MARC0027509,13,214015359,97.137
ALGA0116594,13,215536174,97.551
ASGA0083954,13,216397895,97.554
ALGA0074147,14,447576,0.227
ALGA0074226,14,1555931,5.164
ALGA0074286,14,2686094,7.146
ALGA0074334,14,3057806,13.859
ALGA0074433,14,4316866,17.529
ALGA0074557,14,5183299,19.827
ALGA0074637,14,6130291,21.777
ALGA0074770,14,7094838,23.136
ALGA0074898,14,8658654,25.389
ALGA0074932,14,9016085,26.811
ALGA0075089,14,10037746,28.278
ALGA0075240,14,11046115,31.088
ALGA0075427,14,12057338,32.458
ALGA0075517,14,13161661,32.94
ALGA0075583,14,14127651,33.807
ALGA0075633,14,15063584,34.465
ALGA0075706,14,16141234,35.23
ALGA0075785,14,17252900,36.312
ALGA0075828,14,18390020,37.281
ALGA0075909,14,19040887,37.859
ALGA0075964,14,20787385,38.22
ALGA0076002,14,21051146,38.47
ALGA0076087,14,22060724,39.629
ALGA0076242,14,23574541,40.152
ALGA0076293,14,24206557,41.123
ALGA0076346,14,25123731,42.41
ALGA0076426,14,26044282,42.971
ALGA0076523,14,27196020,43.889
ALGA0076573,14,28103720,45.195
ALGA0076632,14,29142252,46.608
ALGA0076663,14,30194922,47.048
ALGA0076700,14,31377223,47.318
ALGA0076722,14,32051226,47.907
ALGA0076763,14,33171944,48.871
ALGA0076807,14,34207575,49.024
ALGA0076838,14,35389403,49.334
ALGA0076909,14,36100541,49.44
ALGA0076937,14,37158806,50.094
ALGA0076968,14,38321928,50.519
ALGA0077012,14,39020344,51.311
ALGA0077096,14,40442548,51.744
ALGA0077116,14,41329515,51.899
ALGA0077159,14,42346819,51.962
ALGA0077202,14,43228576,52.242
ALGA0077235,14,44262368,52.344
ALGA0077270,14,45088111,52.6
ALGA0077337,14,46104579,52.687
ALGA0077380,14,47051168,53.267
ALGA0077409,14,48262294,53.506
ALGA0077457,14,49222341,53.691
ALGA0077484,14,50025758,53.76
ALGA0077530,14,51134974,53.82
ALGA0077586,14,52024100,53.861
ALGA0077603,14,53033094,53.921
ALGA0077633,14,54377414,53.936
ALGA0077638,14,55226148,54.016
ALGA0077673,14,56034069,54.045
ALGA0077744,14,57181152,54.23
ALGA0077805,14,58195017,54.433
ALGA0077857,14,59399695,54.457
ALGA0077941,14,60117918,55.031
ALGA0078003,14,61527773,55.262
ALGA0078023,14,62171122,55.388
ALGA0078128,14,63078700,55.877
ALGA0078206,14,64163799,56.145
ALGA0078286,14,65094541,56.21
ALGA0078322,14,66174831,56.411
ALGA0078371,14,67013158,56.517
ALGA0078432,14,68165521,56.784
ALGA0078485,14,69345762,56.872
ALGA0078516,14,70034539,56.918
ALGA0078557,14,71358235,57.023
ALGA0078590,14,72075239,57.03
ALGA0078630,14,73038986,57.238
ALGA0078699,14,74192465,57.833
ALGA0078729,14,75096371,57.889
ALGA0078827,14,76015541,58.037
ALGA0078958,14,77262656,58.167
ALGA0078990,14,78087098,58.455
ALGA0079036,14,79077104,59.239
ALGA0079049,14,80034247,59.942
ALGA0079106,14,81041253,60.072
ALGA0079154,14,82025308,60.138
ALGA0079189,14,83358033,60.418
ALGA0079229,14,84076530,60.543
ALGA0079286,14,85153475,60.709
ALGA0079341,14,86183884,61.281
ALGA0079379,14,87069303,61.719
ALGA0079403,14,88093022,62.351
ALGA0079422,14,89067754,62.473
ALGA0079481,14,90701301,62.603
ALGA0079488,14,91194813,62.711
ALGA0079525,14,92109427,63.006
ALGA0079608,14,93140243,63.237
ALGA0079722,14,94060111,63.284
ALGA0079862,14,95214646,63.742
ALGA0079891,14,96352455,63.919
ALGA0079977,14,97073926,64.636
ALGA0080004,14,98069659,64.898
ALGA0080049,14,99253082,65.804
ALGA0080086,14,100183704,65.962
ALGA0080140,14,101271239,65.989
ALGA0080176,14,102185453,66.067
ALGA0080236,14,103283047,66.126
ALGA0080273,14,104069899,66.19
ALGA0080347,14,105173330,66.207
ALGA0080399,14,106139896,66.384
ALGA0080500,14,107682071,66.658
ALGA0080531,14,108101608,66.996
ALGA0080602,14,109204980,67.594
ALGA0080674,14,110278202,67.93
ALGA0080715,14,111353315,68.344
ALGA0080738,14,112094329,68.693
ALGA0080829,14,113099598,68.912
ALGA0080900,14,114016788,69.143
ALGA0081011,14,115062003,69.308
ALGA0081070,14,116462894,70.157
ALGA0081097,14,117216180,70.526
ALGA0081147,14,118108744,71.243
ALGA0081202,14,119563762,71.394
ALGA0081238,14,120143280,71.929
ALGA0081277,14,121585633,72.625
ALGA0081306,14,122317951,72.715
ALGA0081364,14,123114654,72.937
ALGA0081380,14,124521576,73.884
ALGA0081396,14,125205645,74.654
ALGA0081437,14,126219153,75.161
ALGA0081472,14,127022990,75.438
ALGA0081570,14,128005726,75.91
ALGA0081679,14,129427687,76.242
ALGA0081761,14,130136579,77.412
ALGA0081862,14,131034385,77.937
ALGA0081971,14,132039693,79.192
ALGA0082081,14,133185012,79.851
ALGA0082172,14,134136524,81.291
ALGA0082243,14,135199599,83.632
ALGA0082341,14,136088581,84.762
ALGA0082467,14,137089450,86.348
ALGA0082530,14,138263165,87.321
ALGA0082605,14,139102586,88.826
ALGA0082723,14,140100304,90.035
ALGA0082799,14,141263654,91.663
ALGA0082882,14,142133244,94.498
ALGA0083003,14,143058982,96.485
ALGA0083109,14,144114962,98.889
ALGA0083228,14,145526588,102.618
ALGA0083264,14,146103446,104.216
ALGA0083355,14,147270180,105.681
ALGA0083389,14,148052150,106.644
ALGA0083414,15,141568,0.101
ALGA0083456,15,1060415,1.063
ALGA0083522,15,2200296,3.34
ALGA0083578,15,3073341,3.988
ALGA0083643,15,4295209,5.369
ALGA0083680,15,5074828,6.169
ALGA0083796,15,6070246,7.686
ALGA0083900,15,7058342,8.549
ALGA0083966,15,8691876,10.49
ALGA0083995,15,9102568,11.695
ALGA0084075,15,10319991,12.336
ALGA0084124,15,11141538,12.857
ALGA0084236,15,12247867,13.227
ALGA0084293,15,13118887,13.745
ALGA0084358,15,14168236,13.948
ALGA0084374,15,15062496,14.936
ALGA0084417,15,16099435,15.305
ALGA0084479,15,17239062,16.015
ALGA0084558,15,18070023,16.652
ALGA0084631,15,19107535,17.366
ALGA0084728,15,20068995,18.929
ALGA0084835,15,21202810,20.513
ALGA0084902,15,22257079,22.856
ALGA0084945,15,23067722,23.258
ALGA0085005,15,24054834,23.802
ALGA0085031,15,25112708,24.164
ALGA0085056,15,26138225,24.948
ALGA0085070,15,27048504,25.27
ALGA0085106,15,28060076,26.366
ALGA0085143,15,29243827,26.871
ALGA0085232,15,30680896,27.785
ALGA0085255,15,31216459,28.608
ALGA0085290,15,32275381,29.179
ALGA0085344,15,33023710,29.665
ALGA0085400,15,34185141,30.894
ALGA0085441,15,35070801,32.751
ALGA0085492,15,36578411,34.075
ALGA0085524,15,37104209,36.024
ALGA0085594,15,38142737,37.208
ALGA0085676,15,39323830,37.432
ALGA0085702,15,40187988,37.573
ALGA0085715,15,41216522,37.69
ALGA0085734,15,42391913,37.879
ALGA0085741,15,43109816,37.953
ALGA0085784,15,44175686,38.103
ALGA0085802,15,45204935,38.205
ALGA0085810,15,46198218,38.233
ALGA0085823,15,47193894,38.35
ALGA0085839,15,48393986,38.55
ALGA0085846,15,49269237,38.835
ALGA0085872,15,50045268,39.616
ALGA0085930,15,51151352,40.337
ALGA0086012,15,52153252,41.099
ALGA0086070,15,53096678,41.245
ALGA0086102,15,54130742,41.625
ALGA0086180,15,55203645,42.541
ALGA0086235,15,56259858,42.874
ALGA0086281,15,57274355,43.297
ALGA0086304,15,58074199,43.381
ALGA0086337,15,59198596,43.583
ALGA0086348,15,60119133,43.794
ALGA0086369,15,61191534,43.951
ALGA0086391,15,62071344,44.072
ALGA0086409,15,63159321,44.197
ALGA0086418,15,64210095,44.225
ALGA0086446,15,65246806,44.341
ALGA0086470,15,66160086,44.452
ALGA0086480,15,67079042,44.536
ALGA0086491,15,68468005,44.628
ALGA0086515,15,69287766,44.662
ALGA0086523,15,70130527,44.681
ALGA0086564,15,71509383,44.876
ALGA0086579,15,72453944,45.164
ALGA0086599,15,73285110,45.217
ALGA0086637,15,74141269,45.268
ALGA0086711,15,75391530,45.325
ALGA0086810,15,77240285,45.335
ALGA0086849,15,78091970,45.356
ALGA0086869,15,79311968,45.386
ALGA0086908,15,80127834,45.467
ALGA0086971,15,81647529,45.501
ALGA0087047,15,82328526,45.534
ALGA0087078,15,83086819,45.598
ALGA0087190,15,84328135,46.067
ALGA0087267,15,85127147,46.195
ALGA0087340,15,86131751,46.557
ALGA0087454,15,87032284,46.764
ALGA0087572,15,88068370,47.488
ALGA0087683,15,89236944,47.755
ALGA0087827,15,90086164,48.024
ALGA0087977,15,91021780,48.883
ALGA0088086,15,92190593,49.428
ALGA0088170,15,93025851,49.682
ALGA0088274,15,94135923,49.783
ALGA0088446,15,95684425,49.895
ALGA0102957,15,96862419,50.15
INRA0059255,15,97493801,50.271
MARC0031422,15,98783957,50.313
MARC0005428,15,100637100,50.351
ALGA0107105,15,102132629,50.462
ASGA0102478,15,102620943,50.583
INRA0059193,15,103407303,50.615
ALGA0112379,15,105092776,50.732
INRA0060572,15,106982553,51.023
ASGA0092739,15,112830280,52.778
M1GA0026727,15,114594767,53.523
ALGA0120056,15,116050561,54.238
ALGA0107031,15,118542031,55.176
CASI0012215,15,120646398,56.481
ALGA0107714,15,122705499,58.04
ASGA0083771,15,124399654,58.643
CASI0012335,15,125916608,59.127
MARC0024947,15,126206878,59.791
ALGA0106581,15,128284624,60.557
MARC0027003,15,129970783,61.345
ALGA0108737,15,131012036,61.772
ALGA0115910,15,131649060,62.384
ASGA0093298,15,132478839,62.654
MARC0003063,15,133418849,63.277
DBUN0001506,15,134804254,63.564
ASGA0083809,15,137492400,69.785
CASI0004261,15,138336224,70.527
SIRI0000158,15,141127328,75.025
ALGA0101303,15,142757235,78.299
ALGA0109588,15,143782353,79.701
ALGA0107772,15,144471813,83.065
INRA0060711,15,145959003,84.271
ALGA0120597,15,146040765,85.393
DIAS0003606,15,147366238,86.127
ALGA0116740,15,148780938,87.329
CASI0012329,15,150004767,88.824
ALGA0100462,15,150259548,91.228
ALGA0112928,15,151733722,92.861
ASGA0087412,15,152580146,93.27
ALGA0102474,15,153734163,93.461
ALGA0088530,16,429313,0.833
ALGA0088571,16,1019219,2.115
ALGA0088717,16,2170522,2.646
ALGA0088866,16,3127333,4.862
ALGA0088966,16,4059055,7.7
ALGA0089039,16,5278965,8.366
ALGA0089125,16,6043640,10.683
ALGA0089214,16,7105236,11.501
ALGA0089272,16,8301459,12.706
ALGA0089383,16,9298048,13.929
ALGA0089490,16,10028815,14.313
ALGA0089615,16,11016454,15.249
ALGA0089691,16,12139221,15.957
ALGA0089791,16,13046607,16.209
ALGA0089893,16,14468524,16.335
ALGA0089953,16,15176068,16.673
ALGA0090013,16,16458977,16.836
ALGA0090076,16,17600007,17.114
ALGA0090106,16,18062876,18.592
ALGA0090177,16,19104168,18.98
ALGA0090266,16,20020738,20.554
ALGA0090354,16,21256888,22.314
ALGA0090388,16,22210413,23.425
ALGA0090423,16,23117859,23.994
ALGA0090475,16,24140200,24.928
ALGA0090532,16,26676160,26.893
ALGA0090544,16,27107982,27.466
ALGA0090595,16,28107296,27.702
ALGA0090645,16,29060760,28.005
ALGA0090719,16,30757366,28.057
ALGA0090724,16,31091146,28.576
ALGA0090740,16,32075112,29.215
ALGA0090769,16,33110034,29.415
ALGA0090829,16,34362604,29.659
ALGA0090871,16,35162087,30.237
ALGA0090971,16,36029784,30.353
ALGA0091047,16,37647165,30.597
ALGA0091060,16,38009485,31.145
ALGA0091126,16,39054393,31.832
ALGA0091216,16,40272116,32.128
ALGA0091287,16,41474685,32.334
ALGA0091332,16,42103769,32.504
ALGA0091410,16,43253240,32.833
ALGA0091497,16,44159675,32.956
ALGA0091619,16,45113991,32.981
ALGA0091724,16,46111820,33.027
ALGA0091915,16,47416069,33.192
ALGA0091982,16,48111961,33.652
ALGA0092167,16,49099294,34.323
ALGA0092409,16,50509809,34.949
ASGA0086954,16,52867866,35.639
MARC0021057,16,55326203,36.587
MARC0033304,16,57245341,38.576
ASGA0105458,16,58631201,38.767
MARC0041414,16,61901666,42.59
ALGA0109852,16,62241772,42.88
ALGA0105837,16,63840314,43.306
ALGA0118351,16,65317413,43.703
ALGA0117046,16,66568405,43.959
MARC0010374,16,67767121,44.375
CASI0005708,16,68390134,45.29
ALGA0110277,16,70991058,46.902
MARC0058740,16,72088890,48.625
MARC0074610,16,72854046,49.416
ALGA0115934,16,73443791,51.016
ASGA0106385,16,74299676,52.7
ASGA0098189,16,75155562,53.365
CASI0008638,16,76035642,54.023
ALGA0103630,16,77596973,55.432
MARC0060421,16,78560959,57.142
ALGA0117963,16,79686010,58.82
ALGA0113753,16,80988209,60.633
M1GA0026057,16,82610538,64.412
ALGA0121935,16,83427765,65.965
ASGA0081696,16,84827373,66.425
CASI0006620,16,85184244,66.479
ALGA0092569,17,1057606,0.831
ALGA0092657,17,2398941,1.376
ALGA0092734,17,3152151,1.895
ALGA0092829,17,4067504,2.856
ALGA0092923,17,5103610,5.142
ALGA0092970,17,6129603,6.416
ALGA0093046,17,7080220,7.848
ALGA0093127,17,8105751,9.099
ALGA0093183,17,9230103,10.181
ALGA0093241,17,10067222,11.629
ALGA0093378,17,11214207,14.325
ALGA0093405,17,12162005,14.855
ALGA0093449,17,13160345,15.515
ALGA0093478,17,14161771,16.054
ALGA0093550,17,15133751,16.62
ALGA0093606,17,16024315,18.426
ALGA0093664,17,17169924,19.479
ALGA0093699,17,18172054,19.875
ALGA0093755,17,19041178,20.962
ALGA0093817,17,20148252,21.534
ALGA0093843,17,21032401,22.698
ALGA0093919,17,22053764,23.391
ALGA0093958,17,23078915,23.998
ALGA0094022,17,24076878,24.534
ALGA0094092,17,25238605,24.606
ALGA0094166,17,26192577,24.864
ALGA0094268,17,27581340,25.697
ALGA0094333,17,28237853,26.083
ALGA0094451,17,29369622,26.863
ALGA0094535,17,30065271,28.167
ALGA0094640,17,31298785,28.976
ALGA0094743,17,32576831,29.49
ALGA0094774,17,33083954,30.503
ALGA0094895,17,34501910,31.652
ALGA0094933,17,35524342,31.885
ALGA0094969,17,36110525,32.552
ALGA0095036,17,37043286,33.954
ALGA0095167,17,38103201,34.297
ALGA0095308,17,39605008,34.858
ALGA0095340,17,40353056,35.382
ALGA0095436,17,41212517,35.749
ALGA0095466,17,42092330,35.891
ALGA0095545,17,43098482,36.146
ALGA0095606,17,44341939,36.769
ALGA0095654,17,45088328,37.416
ALGA0095725,17,46278184,37.953
ALGA0095826,17,47244225,39.289
ALGA0095907,17,48131958,40.773
ALGA0096016,17,49058471,42.395
ALGA0096093,17,50290193,44.137
ALGA0096168,17,51024068,45.115
ALGA0096256,17,52064336,45.843
ALGA0096442,17,53132216,46.712
ALGA0096530,17,54106239,47.536
ALGA0096643,17,55301714,48.245
ALGA0119152,17,56732606,48.813
DIAS0001429,17,57577819,50.467
MARC0095782,17,59523835,53.918
ALGA0096803,18,655455,0.046
ALGA0096892,18,1474920,0.326
ALGA0096968,18,2218767,0.822
ALGA0097016,18,3058966,3.401
ALGA0097066,18,4337405,5.517
ALGA0097126,18,5153353,6.747
ALGA0097196,18,6232781,8.703
ALGA0097239,18,7053079,9.726
ALGA0097281,18,8169724,10.646
ALGA0097322,18,9056125,11.091
ALGA0097379,18,10143176,12.274
ALGA0097455,18,11329393,13.152
ALGA0097499,18,12237132,14.271
ALGA0097544,18,13064157,14.871
ALGA0097620,18,14200644,15.382
ALGA0097693,18,15103382,15.958
ALGA0097716,18,16209916,16.963
ALGA0097763,18,17041906,18.227
ALGA0097796,18,18072619,19.01
ALGA0097829,18,19012361,19.438
ALGA0097854,18,20137048,20.01
ALGA0097930,18,21145694,20.892
ALGA0097963,18,22168288,21.492
ALGA0098029,18,23078445,22.645
ALGA0098097,18,24079685,23.076
ALGA0098146,18,25087486,23.459
ALGA0098232,18,26014422,24.606
ALGA0098367,18,27058223,25.723
ALGA0098468,18,28446821,26.271
ALGA0098508,18,29027192,26.543
ALGA0098630,18,30247653,26.831
ALGA0098723,18,31202673,27.0
ALGA0098803,18,32293098,27.334
ALGA0098874,18,33119831,27.701
ALGA0098906,18,34021923,27.964
ALGA0098938,18,35317044,28.168
ASGA0099995,18,37099496,30.387
ALGA0111155,18,38735393,30.5
ALGA0115518,18,39595194,30.696
ASGA0092551,18,41298064,31.771
ASGA0095289,18,42944656,32.159
ALGA0106178,18,43443512,32.472
ALGA0103651,18,45128630,32.857
ASGA0082930,18,45913990,33.47
DIAS0000748,18,46956172,34.162
ASGA0101276,18,47447637,36.053
ALGA0111325,18,48524065,37.992
ASGA0088177,18,49058395,39.184
ASGA0098397,18,50889719,40.153
ASGA0097161,18,51562523,40.917
ASGA0084414,18,52808345,42.282
ALGA0118957,18,53311560,43.885
ALGA0120564,18,54247893,45.534
DIAS0003666,18,56544121,47.562
ASGA0094211,18,57445607,48.713
MARC0112864,18,58905756,49.098
